-- phpMyAdmin SQL Dump
-- version 5.2.1
-- https://www.phpmyadmin.net/
--
-- Host: 127.0.0.1
-- Generation Time: Dec 17, 2025 at 04:08 AM
-- Server version: 10.4.32-MariaDB
-- PHP Version: 8.2.12

SET SQL_MODE = "NO_AUTO_VALUE_ON_ZERO";
START TRANSACTION;
SET time_zone = "+00:00";


/*!40101 SET @OLD_CHARACTER_SET_CLIENT=@@CHARACTER_SET_CLIENT */;
/*!40101 SET @OLD_CHARACTER_SET_RESULTS=@@CHARACTER_SET_RESULTS */;
/*!40101 SET @OLD_COLLATION_CONNECTION=@@COLLATION_CONNECTION */;
/*!40101 SET NAMES utf8mb4 */;

--
-- Database: `portal_booking`
--

-- --------------------------------------------------------

--
-- Table structure for table `bookings`
--

CREATE TABLE `bookings` (
  `booking_id` int(11) NOT NULL,
  `user_id` int(11) DEFAULT NULL,
  `facility_id` int(11) DEFAULT NULL,
  `booking_date` timestamp NOT NULL DEFAULT current_timestamp(),
  `total_price` decimal(10,2) DEFAULT NULL,
  `status` enum('pending','paid','approved','rejected','cancelled') DEFAULT 'pending',
  `proof_of_payment` varchar(255) DEFAULT NULL,
  `payment_date` timestamp NULL DEFAULT NULL,
  `updated_at` timestamp NOT NULL DEFAULT current_timestamp() ON UPDATE current_timestamp()
) ENGINE=InnoDB DEFAULT CHARSET=utf8mb4 COLLATE=utf8mb4_general_ci;

--
-- Dumping data for table `bookings`
--

INSERT INTO `bookings` (`booking_id`, `user_id`, `facility_id`, `booking_date`, `total_price`, `status`, `proof_of_payment`, `payment_date`, `updated_at`) VALUES
(13, 31, 2, '2025-12-16 14:37:49', 400000.00, 'approved', 'public/payments/pay_69416ec54a156.png', '2025-12-16 14:37:57', '2025-12-16 14:38:10'),
(14, 29, 5, '2025-12-16 14:47:53', 240000.00, 'approved', NULL, NULL, '2025-12-16 14:47:53'),
(15, 29, 2, '2025-12-16 14:52:25', 400000.00, 'approved', NULL, NULL, '2025-12-16 14:52:25'),
(16, 29, 2, '2025-12-16 14:52:53', 400000.00, 'approved', NULL, NULL, '2025-12-16 14:52:53'),
(17, 29, 2, '2025-12-16 14:56:21', 400000.00, 'approved', NULL, NULL, '2025-12-16 14:56:21'),
(18, 30, 1, '2025-12-16 15:07:57', 300000.00, 'rejected', 'public/payments/pay_694175d6a1382.png', '2025-12-16 15:08:06', '2025-12-16 15:08:22'),
(19, 31, 1, '2025-12-16 15:13:35', 300000.00, 'approved', 'public/payments/pay_6941772822a62.png', '2025-12-16 15:13:44', '2025-12-16 15:14:07'),
(20, 31, 1, '2025-12-17 02:48:21', 300000.00, 'approved', 'public/payments/pay_69421a243e52f.png', '2025-12-17 02:49:08', '2025-12-17 02:50:59'),
(21, 29, 2, '2025-12-17 02:54:11', 400000.00, 'approved', NULL, NULL, '2025-12-17 02:54:11');

-- --------------------------------------------------------

--
-- Table structure for table `booking_details`
--

CREATE TABLE `booking_details` (
  `detail_id` int(11) NOT NULL,
  `booking_id` int(11) NOT NULL,
  `slot_id` int(11) NOT NULL,
  `price` decimal(10,2) NOT NULL
) ENGINE=InnoDB DEFAULT CHARSET=utf8mb4 COLLATE=utf8mb4_general_ci;

--
-- Dumping data for table `booking_details`
--

INSERT INTO `booking_details` (`detail_id`, `booking_id`, `slot_id`, `price`) VALUES
(25, 13, 183, 200000.00),
(26, 13, 184, 200000.00),
(27, 14, 365, 120000.00),
(28, 14, 366, 120000.00),
(29, 15, 253, 200000.00),
(30, 15, 254, 200000.00),
(31, 16, 267, 200000.00),
(32, 16, 268, 200000.00),
(33, 17, 270, 200000.00),
(34, 17, 271, 200000.00),
(35, 18, 547, 150000.00),
(36, 18, 548, 150000.00),
(37, 19, 533, 150000.00),
(38, 19, 534, 150000.00),
(39, 20, 508, 150000.00),
(40, 20, 509, 150000.00),
(41, 21, 186, 200000.00),
(42, 21, 187, 200000.00);

-- --------------------------------------------------------

--
-- Table structure for table `facilities`
--

CREATE TABLE `facilities` (
  `facility_id` int(11) NOT NULL,
  `name` varchar(150) DEFAULT NULL,
  `description` text DEFAULT NULL,
  `price_per_hour` decimal(10,2) DEFAULT NULL,
  `image_path` varchar(255) DEFAULT NULL,
  `is_active` tinyint(1) DEFAULT 1
) ENGINE=InnoDB DEFAULT CHARSET=utf8mb4 COLLATE=utf8mb4_general_ci;

--
-- Dumping data for table `facilities`
--

INSERT INTO `facilities` (`facility_id`, `name`, `description`, `price_per_hour`, `image_path`, `is_active`) VALUES
(1, 'Lapangan Futsal', 'Rumput sintetis standar inter', 150000.00, 'https://www.vendorjersey.com/wp-content/uploads/2022/01/gambar-lapangan-futsal.jpg', 1),
(2, 'Basket 5x5', 'Full court indoor lantai kayu', 200000.00, 'https://tse4.mm.bing.net/th/id/OIP.ioGLatO7IDPRT5r4LOzq7gHaEK?rs=1&pid=ImgDetMain&o=7&rm=3', 1),
(3, 'Basket 3x3', 'Half court outdoor street style', 80000.00, 'https://th.bing.com/th/id/OIP.MLiplzbip58lhZQNxQ0zBQHaFj?o=7rm=3&rs=1&pid=ImgDetMain&o=7&rm=3', 1),
(4, 'Badminton A', 'Karpet vinyl standar BWF', 60000.00, 'https://asset-3.tstatic.net/jualbeli/img/2024/12/2956734/2-2111800480-Butuh-Vinyl-Lapangan-Badminton-di-Berau--Kalimantan-Timur.jpg', 1),
(5, 'Tennis Court', 'Hard court outdoor', 120000.00, 'https://anwapuri.saraga.id/storage/images/copy-of-outdoor-2_1659176141.jpeg', 1),
(6, 'Padel Court', 'Lapangan padel kaca modern', 180000.00, 'https://gelora-public-storage.s3-ap-southeast-1.amazonaws.com/upload/public-20240821074840.jpg', 1);

-- --------------------------------------------------------

--
-- Table structure for table `slots`
--

CREATE TABLE `slots` (
  `slot_id` int(11) NOT NULL,
  `facility_id` int(11) DEFAULT NULL,
  `start_time` datetime DEFAULT NULL,
  `end_time` datetime DEFAULT NULL,
  `is_available` tinyint(1) DEFAULT 1
) ENGINE=InnoDB DEFAULT CHARSET=utf8mb4 COLLATE=utf8mb4_general_ci;

--
-- Dumping data for table `slots`
--

INSERT INTO `slots` (`slot_id`, `facility_id`, `start_time`, `end_time`, `is_available`) VALUES
(1, 1, '2025-12-04 08:00:00', '2025-12-04 09:00:00', 1),
(2, 1, '2025-12-04 09:00:00', '2025-12-04 10:00:00', 1),
(3, 1, '2025-12-04 10:00:00', '2025-12-04 11:00:00', 1),
(4, 1, '2025-12-04 11:00:00', '2025-12-04 12:00:00', 1),
(5, 1, '2025-12-04 12:00:00', '2025-12-04 13:00:00', 1),
(6, 1, '2025-12-04 13:00:00', '2025-12-04 14:00:00', 1),
(7, 1, '2025-12-04 14:00:00', '2025-12-04 15:00:00', 1),
(8, 1, '2025-12-04 15:00:00', '2025-12-04 16:00:00', 1),
(9, 1, '2025-12-04 16:00:00', '2025-12-04 17:00:00', 1),
(10, 1, '2025-12-04 17:00:00', '2025-12-04 18:00:00', 1),
(11, 1, '2025-12-04 18:00:00', '2025-12-04 19:00:00', 1),
(12, 1, '2025-12-04 19:00:00', '2025-12-04 20:00:00', 1),
(13, 1, '2025-12-04 20:00:00', '2025-12-04 21:00:00', 1),
(14, 1, '2025-12-04 21:00:00', '2025-12-04 22:00:00', 1),
(15, 2, '2025-12-05 08:00:00', '2025-12-05 09:00:00', 1),
(16, 2, '2025-12-05 09:00:00', '2025-12-05 10:00:00', 1),
(17, 2, '2025-12-05 10:00:00', '2025-12-05 11:00:00', 1),
(18, 2, '2025-12-05 11:00:00', '2025-12-05 12:00:00', 1),
(19, 2, '2025-12-05 12:00:00', '2025-12-05 13:00:00', 1),
(20, 2, '2025-12-05 13:00:00', '2025-12-05 14:00:00', 1),
(21, 2, '2025-12-05 14:00:00', '2025-12-05 15:00:00', 1),
(22, 2, '2025-12-05 15:00:00', '2025-12-05 16:00:00', 1),
(23, 2, '2025-12-05 16:00:00', '2025-12-05 17:00:00', 1),
(24, 2, '2025-12-05 17:00:00', '2025-12-05 18:00:00', 1),
(25, 2, '2025-12-05 18:00:00', '2025-12-05 19:00:00', 1),
(26, 2, '2025-12-05 19:00:00', '2025-12-05 20:00:00', 1),
(27, 2, '2025-12-05 20:00:00', '2025-12-05 21:00:00', 1),
(28, 2, '2025-12-05 21:00:00', '2025-12-05 22:00:00', 1),
(29, 2, '2025-12-06 08:00:00', '2025-12-06 09:00:00', 1),
(30, 2, '2025-12-06 09:00:00', '2025-12-06 10:00:00', 1),
(31, 2, '2025-12-06 10:00:00', '2025-12-06 11:00:00', 1),
(32, 2, '2025-12-06 11:00:00', '2025-12-06 12:00:00', 1),
(33, 2, '2025-12-06 12:00:00', '2025-12-06 13:00:00', 1),
(34, 2, '2025-12-06 13:00:00', '2025-12-06 14:00:00', 1),
(35, 2, '2025-12-06 14:00:00', '2025-12-06 15:00:00', 1),
(36, 2, '2025-12-06 15:00:00', '2025-12-06 16:00:00', 1),
(37, 2, '2025-12-06 16:00:00', '2025-12-06 17:00:00', 1),
(38, 2, '2025-12-06 17:00:00', '2025-12-06 18:00:00', 1),
(39, 2, '2025-12-06 18:00:00', '2025-12-06 19:00:00', 1),
(40, 2, '2025-12-06 19:00:00', '2025-12-06 20:00:00', 1),
(41, 2, '2025-12-06 20:00:00', '2025-12-06 21:00:00', 1),
(42, 2, '2025-12-06 21:00:00', '2025-12-06 22:00:00', 1),
(43, 2, '2025-12-07 08:00:00', '2025-12-07 09:00:00', 1),
(44, 2, '2025-12-07 09:00:00', '2025-12-07 10:00:00', 1),
(45, 2, '2025-12-07 10:00:00', '2025-12-07 11:00:00', 1),
(46, 2, '2025-12-07 11:00:00', '2025-12-07 12:00:00', 1),
(47, 2, '2025-12-07 12:00:00', '2025-12-07 13:00:00', 1),
(48, 2, '2025-12-07 13:00:00', '2025-12-07 14:00:00', 1),
(49, 2, '2025-12-07 14:00:00', '2025-12-07 15:00:00', 1),
(50, 2, '2025-12-07 15:00:00', '2025-12-07 16:00:00', 1),
(51, 2, '2025-12-07 16:00:00', '2025-12-07 17:00:00', 1),
(52, 2, '2025-12-07 17:00:00', '2025-12-07 18:00:00', 1),
(53, 2, '2025-12-07 18:00:00', '2025-12-07 19:00:00', 1),
(54, 2, '2025-12-07 19:00:00', '2025-12-07 20:00:00', 1),
(55, 2, '2025-12-07 20:00:00', '2025-12-07 21:00:00', 1),
(56, 2, '2025-12-07 21:00:00', '2025-12-07 22:00:00', 1),
(57, 2, '2025-12-08 08:00:00', '2025-12-08 09:00:00', 1),
(58, 2, '2025-12-08 09:00:00', '2025-12-08 10:00:00', 1),
(59, 2, '2025-12-08 10:00:00', '2025-12-08 11:00:00', 1),
(60, 2, '2025-12-08 11:00:00', '2025-12-08 12:00:00', 1),
(61, 2, '2025-12-08 12:00:00', '2025-12-08 13:00:00', 1),
(62, 2, '2025-12-08 13:00:00', '2025-12-08 14:00:00', 1),
(63, 2, '2025-12-08 14:00:00', '2025-12-08 15:00:00', 1),
(64, 2, '2025-12-08 15:00:00', '2025-12-08 16:00:00', 1),
(65, 2, '2025-12-08 16:00:00', '2025-12-08 17:00:00', 1),
(66, 2, '2025-12-08 17:00:00', '2025-12-08 18:00:00', 1),
(67, 2, '2025-12-08 18:00:00', '2025-12-08 19:00:00', 1),
(68, 2, '2025-12-08 19:00:00', '2025-12-08 20:00:00', 1),
(69, 2, '2025-12-08 20:00:00', '2025-12-08 21:00:00', 1),
(70, 2, '2025-12-08 21:00:00', '2025-12-08 22:00:00', 1),
(71, 2, '2025-12-09 08:00:00', '2025-12-09 09:00:00', 1),
(72, 2, '2025-12-09 09:00:00', '2025-12-09 10:00:00', 1),
(73, 2, '2025-12-09 10:00:00', '2025-12-09 11:00:00', 1),
(74, 2, '2025-12-09 11:00:00', '2025-12-09 12:00:00', 1),
(75, 2, '2025-12-09 12:00:00', '2025-12-09 13:00:00', 1),
(76, 2, '2025-12-09 13:00:00', '2025-12-09 14:00:00', 1),
(77, 2, '2025-12-09 14:00:00', '2025-12-09 15:00:00', 1),
(78, 2, '2025-12-09 15:00:00', '2025-12-09 16:00:00', 1),
(79, 2, '2025-12-09 16:00:00', '2025-12-09 17:00:00', 1),
(80, 2, '2025-12-09 17:00:00', '2025-12-09 18:00:00', 1),
(81, 2, '2025-12-09 18:00:00', '2025-12-09 19:00:00', 1),
(82, 2, '2025-12-09 19:00:00', '2025-12-09 20:00:00', 1),
(83, 2, '2025-12-09 20:00:00', '2025-12-09 21:00:00', 1),
(84, 2, '2025-12-09 21:00:00', '2025-12-09 22:00:00', 1),
(85, 2, '2025-12-10 08:00:00', '2025-12-10 09:00:00', 1),
(86, 2, '2025-12-10 09:00:00', '2025-12-10 10:00:00', 1),
(87, 2, '2025-12-10 10:00:00', '2025-12-10 11:00:00', 1),
(88, 2, '2025-12-10 11:00:00', '2025-12-10 12:00:00', 1),
(89, 2, '2025-12-10 12:00:00', '2025-12-10 13:00:00', 1),
(90, 2, '2025-12-10 13:00:00', '2025-12-10 14:00:00', 1),
(91, 2, '2025-12-10 14:00:00', '2025-12-10 15:00:00', 1),
(92, 2, '2025-12-10 15:00:00', '2025-12-10 16:00:00', 1),
(93, 2, '2025-12-10 16:00:00', '2025-12-10 17:00:00', 1),
(94, 2, '2025-12-10 17:00:00', '2025-12-10 18:00:00', 1),
(95, 2, '2025-12-10 18:00:00', '2025-12-10 19:00:00', 1),
(96, 2, '2025-12-10 19:00:00', '2025-12-10 20:00:00', 1),
(97, 2, '2025-12-10 20:00:00', '2025-12-10 21:00:00', 1),
(98, 2, '2025-12-10 21:00:00', '2025-12-10 22:00:00', 1),
(99, 2, '2025-12-11 08:00:00', '2025-12-11 09:00:00', 1),
(100, 2, '2025-12-11 09:00:00', '2025-12-11 10:00:00', 1),
(101, 2, '2025-12-11 10:00:00', '2025-12-11 11:00:00', 1),
(102, 2, '2025-12-11 11:00:00', '2025-12-11 12:00:00', 1),
(103, 2, '2025-12-11 12:00:00', '2025-12-11 13:00:00', 1),
(104, 2, '2025-12-11 13:00:00', '2025-12-11 14:00:00', 1),
(105, 2, '2025-12-11 14:00:00', '2025-12-11 15:00:00', 1),
(106, 2, '2025-12-11 15:00:00', '2025-12-11 16:00:00', 1),
(107, 2, '2025-12-11 16:00:00', '2025-12-11 17:00:00', 1),
(108, 2, '2025-12-11 17:00:00', '2025-12-11 18:00:00', 1),
(109, 2, '2025-12-11 18:00:00', '2025-12-11 19:00:00', 1),
(110, 2, '2025-12-11 19:00:00', '2025-12-11 20:00:00', 1),
(111, 2, '2025-12-11 20:00:00', '2025-12-11 21:00:00', 1),
(112, 2, '2025-12-11 21:00:00', '2025-12-11 22:00:00', 1),
(113, 2, '2025-12-12 08:00:00', '2025-12-12 09:00:00', 1),
(114, 2, '2025-12-12 09:00:00', '2025-12-12 10:00:00', 1),
(115, 2, '2025-12-12 10:00:00', '2025-12-12 11:00:00', 1),
(116, 2, '2025-12-12 11:00:00', '2025-12-12 12:00:00', 1),
(117, 2, '2025-12-12 12:00:00', '2025-12-12 13:00:00', 1),
(118, 2, '2025-12-12 13:00:00', '2025-12-12 14:00:00', 1),
(119, 2, '2025-12-12 14:00:00', '2025-12-12 15:00:00', 1),
(120, 2, '2025-12-12 15:00:00', '2025-12-12 16:00:00', 1),
(121, 2, '2025-12-12 16:00:00', '2025-12-12 17:00:00', 1),
(122, 2, '2025-12-12 17:00:00', '2025-12-12 18:00:00', 1),
(123, 2, '2025-12-12 18:00:00', '2025-12-12 19:00:00', 1),
(124, 2, '2025-12-12 19:00:00', '2025-12-12 20:00:00', 1),
(125, 2, '2025-12-12 20:00:00', '2025-12-12 21:00:00', 1),
(126, 2, '2025-12-12 21:00:00', '2025-12-12 22:00:00', 1),
(127, 2, '2025-12-13 08:00:00', '2025-12-13 09:00:00', 1),
(128, 2, '2025-12-13 09:00:00', '2025-12-13 10:00:00', 1),
(129, 2, '2025-12-13 10:00:00', '2025-12-13 11:00:00', 1),
(130, 2, '2025-12-13 11:00:00', '2025-12-13 12:00:00', 1),
(131, 2, '2025-12-13 12:00:00', '2025-12-13 13:00:00', 1),
(132, 2, '2025-12-13 13:00:00', '2025-12-13 14:00:00', 1),
(133, 2, '2025-12-13 14:00:00', '2025-12-13 15:00:00', 1),
(134, 2, '2025-12-13 15:00:00', '2025-12-13 16:00:00', 1),
(135, 2, '2025-12-13 16:00:00', '2025-12-13 17:00:00', 1),
(136, 2, '2025-12-13 17:00:00', '2025-12-13 18:00:00', 1),
(137, 2, '2025-12-13 18:00:00', '2025-12-13 19:00:00', 1),
(138, 2, '2025-12-13 19:00:00', '2025-12-13 20:00:00', 1),
(139, 2, '2025-12-13 20:00:00', '2025-12-13 21:00:00', 1),
(140, 2, '2025-12-13 21:00:00', '2025-12-13 22:00:00', 1),
(141, 2, '2025-12-14 08:00:00', '2025-12-14 09:00:00', 1),
(142, 2, '2025-12-14 09:00:00', '2025-12-14 10:00:00', 1),
(143, 2, '2025-12-14 10:00:00', '2025-12-14 11:00:00', 1),
(144, 2, '2025-12-14 11:00:00', '2025-12-14 12:00:00', 1),
(145, 2, '2025-12-14 12:00:00', '2025-12-14 13:00:00', 1),
(146, 2, '2025-12-14 13:00:00', '2025-12-14 14:00:00', 1),
(147, 2, '2025-12-14 14:00:00', '2025-12-14 15:00:00', 1),
(148, 2, '2025-12-14 15:00:00', '2025-12-14 16:00:00', 1),
(149, 2, '2025-12-14 16:00:00', '2025-12-14 17:00:00', 1),
(150, 2, '2025-12-14 17:00:00', '2025-12-14 18:00:00', 1),
(151, 2, '2025-12-14 18:00:00', '2025-12-14 19:00:00', 1),
(152, 2, '2025-12-14 19:00:00', '2025-12-14 20:00:00', 1),
(153, 2, '2025-12-14 20:00:00', '2025-12-14 21:00:00', 1),
(154, 2, '2025-12-14 21:00:00', '2025-12-14 22:00:00', 1),
(155, 2, '2025-12-15 08:00:00', '2025-12-15 09:00:00', 1),
(156, 2, '2025-12-15 09:00:00', '2025-12-15 10:00:00', 1),
(157, 2, '2025-12-15 10:00:00', '2025-12-15 11:00:00', 1),
(158, 2, '2025-12-15 11:00:00', '2025-12-15 12:00:00', 1),
(159, 2, '2025-12-15 12:00:00', '2025-12-15 13:00:00', 1),
(160, 2, '2025-12-15 13:00:00', '2025-12-15 14:00:00', 1),
(161, 2, '2025-12-15 14:00:00', '2025-12-15 15:00:00', 1),
(162, 2, '2025-12-15 15:00:00', '2025-12-15 16:00:00', 1),
(163, 2, '2025-12-15 16:00:00', '2025-12-15 17:00:00', 1),
(164, 2, '2025-12-15 17:00:00', '2025-12-15 18:00:00', 1),
(165, 2, '2025-12-15 18:00:00', '2025-12-15 19:00:00', 1),
(166, 2, '2025-12-15 19:00:00', '2025-12-15 20:00:00', 1),
(167, 2, '2025-12-15 20:00:00', '2025-12-15 21:00:00', 1),
(168, 2, '2025-12-15 21:00:00', '2025-12-15 22:00:00', 1),
(169, 2, '2025-12-16 08:00:00', '2025-12-16 09:00:00', 1),
(170, 2, '2025-12-16 09:00:00', '2025-12-16 10:00:00', 1),
(171, 2, '2025-12-16 10:00:00', '2025-12-16 11:00:00', 1),
(172, 2, '2025-12-16 11:00:00', '2025-12-16 12:00:00', 1),
(173, 2, '2025-12-16 12:00:00', '2025-12-16 13:00:00', 1),
(174, 2, '2025-12-16 13:00:00', '2025-12-16 14:00:00', 1),
(175, 2, '2025-12-16 14:00:00', '2025-12-16 15:00:00', 1),
(176, 2, '2025-12-16 15:00:00', '2025-12-16 16:00:00', 1),
(177, 2, '2025-12-16 16:00:00', '2025-12-16 17:00:00', 1),
(178, 2, '2025-12-16 17:00:00', '2025-12-16 18:00:00', 1),
(179, 2, '2025-12-16 18:00:00', '2025-12-16 19:00:00', 1),
(180, 2, '2025-12-16 19:00:00', '2025-12-16 20:00:00', 1),
(181, 2, '2025-12-16 20:00:00', '2025-12-16 21:00:00', 1),
(182, 2, '2025-12-16 21:00:00', '2025-12-16 22:00:00', 1),
(183, 2, '2025-12-17 08:00:00', '2025-12-17 09:00:00', 1),
(184, 2, '2025-12-17 09:00:00', '2025-12-17 10:00:00', 1),
(185, 2, '2025-12-17 10:00:00', '2025-12-17 11:00:00', 1),
(186, 2, '2025-12-17 11:00:00', '2025-12-17 12:00:00', 1),
(187, 2, '2025-12-17 12:00:00', '2025-12-17 13:00:00', 1),
(188, 2, '2025-12-17 13:00:00', '2025-12-17 14:00:00', 1),
(189, 2, '2025-12-17 14:00:00', '2025-12-17 15:00:00', 1),
(190, 2, '2025-12-17 15:00:00', '2025-12-17 16:00:00', 1),
(191, 2, '2025-12-17 16:00:00', '2025-12-17 17:00:00', 1),
(192, 2, '2025-12-17 17:00:00', '2025-12-17 18:00:00', 1),
(193, 2, '2025-12-17 18:00:00', '2025-12-17 19:00:00', 1),
(194, 2, '2025-12-17 19:00:00', '2025-12-17 20:00:00', 1),
(195, 2, '2025-12-17 20:00:00', '2025-12-17 21:00:00', 1),
(196, 2, '2025-12-17 21:00:00', '2025-12-17 22:00:00', 1),
(197, 2, '2025-12-18 08:00:00', '2025-12-18 09:00:00', 1),
(198, 2, '2025-12-18 09:00:00', '2025-12-18 10:00:00', 1),
(199, 2, '2025-12-18 10:00:00', '2025-12-18 11:00:00', 1),
(200, 2, '2025-12-18 11:00:00', '2025-12-18 12:00:00', 1),
(201, 2, '2025-12-18 12:00:00', '2025-12-18 13:00:00', 1),
(202, 2, '2025-12-18 13:00:00', '2025-12-18 14:00:00', 1),
(203, 2, '2025-12-18 14:00:00', '2025-12-18 15:00:00', 1),
(204, 2, '2025-12-18 15:00:00', '2025-12-18 16:00:00', 1),
(205, 2, '2025-12-18 16:00:00', '2025-12-18 17:00:00', 1),
(206, 2, '2025-12-18 17:00:00', '2025-12-18 18:00:00', 1),
(207, 2, '2025-12-18 18:00:00', '2025-12-18 19:00:00', 1),
(208, 2, '2025-12-18 19:00:00', '2025-12-18 20:00:00', 1),
(209, 2, '2025-12-18 20:00:00', '2025-12-18 21:00:00', 1),
(210, 2, '2025-12-18 21:00:00', '2025-12-18 22:00:00', 1),
(211, 2, '2025-12-19 08:00:00', '2025-12-19 09:00:00', 1),
(212, 2, '2025-12-19 09:00:00', '2025-12-19 10:00:00', 1),
(213, 2, '2025-12-19 10:00:00', '2025-12-19 11:00:00', 1),
(214, 2, '2025-12-19 11:00:00', '2025-12-19 12:00:00', 1),
(215, 2, '2025-12-19 12:00:00', '2025-12-19 13:00:00', 1),
(216, 2, '2025-12-19 13:00:00', '2025-12-19 14:00:00', 1),
(217, 2, '2025-12-19 14:00:00', '2025-12-19 15:00:00', 1),
(218, 2, '2025-12-19 15:00:00', '2025-12-19 16:00:00', 1),
(219, 2, '2025-12-19 16:00:00', '2025-12-19 17:00:00', 1),
(220, 2, '2025-12-19 17:00:00', '2025-12-19 18:00:00', 1),
(221, 2, '2025-12-19 18:00:00', '2025-12-19 19:00:00', 1),
(222, 2, '2025-12-19 19:00:00', '2025-12-19 20:00:00', 1),
(223, 2, '2025-12-19 20:00:00', '2025-12-19 21:00:00', 1),
(224, 2, '2025-12-19 21:00:00', '2025-12-19 22:00:00', 1),
(225, 2, '2025-12-20 08:00:00', '2025-12-20 09:00:00', 1),
(226, 2, '2025-12-20 09:00:00', '2025-12-20 10:00:00', 1),
(227, 2, '2025-12-20 10:00:00', '2025-12-20 11:00:00', 1),
(228, 2, '2025-12-20 11:00:00', '2025-12-20 12:00:00', 1),
(229, 2, '2025-12-20 12:00:00', '2025-12-20 13:00:00', 1),
(230, 2, '2025-12-20 13:00:00', '2025-12-20 14:00:00', 1),
(231, 2, '2025-12-20 14:00:00', '2025-12-20 15:00:00', 1),
(232, 2, '2025-12-20 15:00:00', '2025-12-20 16:00:00', 1),
(233, 2, '2025-12-20 16:00:00', '2025-12-20 17:00:00', 1),
(234, 2, '2025-12-20 17:00:00', '2025-12-20 18:00:00', 1),
(235, 2, '2025-12-20 18:00:00', '2025-12-20 19:00:00', 1),
(236, 2, '2025-12-20 19:00:00', '2025-12-20 20:00:00', 1),
(237, 2, '2025-12-20 20:00:00', '2025-12-20 21:00:00', 1),
(238, 2, '2025-12-20 21:00:00', '2025-12-20 22:00:00', 1),
(239, 2, '2025-12-21 08:00:00', '2025-12-21 09:00:00', 1),
(240, 2, '2025-12-21 09:00:00', '2025-12-21 10:00:00', 1),
(241, 2, '2025-12-21 10:00:00', '2025-12-21 11:00:00', 1),
(242, 2, '2025-12-21 11:00:00', '2025-12-21 12:00:00', 1),
(243, 2, '2025-12-21 12:00:00', '2025-12-21 13:00:00', 1),
(244, 2, '2025-12-21 13:00:00', '2025-12-21 14:00:00', 1),
(245, 2, '2025-12-21 14:00:00', '2025-12-21 15:00:00', 1),
(246, 2, '2025-12-21 15:00:00', '2025-12-21 16:00:00', 1),
(247, 2, '2025-12-21 16:00:00', '2025-12-21 17:00:00', 1),
(248, 2, '2025-12-21 17:00:00', '2025-12-21 18:00:00', 1),
(249, 2, '2025-12-21 18:00:00', '2025-12-21 19:00:00', 1),
(250, 2, '2025-12-21 19:00:00', '2025-12-21 20:00:00', 1),
(251, 2, '2025-12-21 20:00:00', '2025-12-21 21:00:00', 1),
(252, 2, '2025-12-21 21:00:00', '2025-12-21 22:00:00', 1),
(253, 2, '2025-12-22 08:00:00', '2025-12-22 09:00:00', 1),
(254, 2, '2025-12-22 09:00:00', '2025-12-22 10:00:00', 1),
(255, 2, '2025-12-22 10:00:00', '2025-12-22 11:00:00', 1),
(256, 2, '2025-12-22 11:00:00', '2025-12-22 12:00:00', 1),
(257, 2, '2025-12-22 12:00:00', '2025-12-22 13:00:00', 1),
(258, 2, '2025-12-22 13:00:00', '2025-12-22 14:00:00', 1),
(259, 2, '2025-12-22 14:00:00', '2025-12-22 15:00:00', 1),
(260, 2, '2025-12-22 15:00:00', '2025-12-22 16:00:00', 1),
(261, 2, '2025-12-22 16:00:00', '2025-12-22 17:00:00', 1),
(262, 2, '2025-12-22 17:00:00', '2025-12-22 18:00:00', 1),
(263, 2, '2025-12-22 18:00:00', '2025-12-22 19:00:00', 1),
(264, 2, '2025-12-22 19:00:00', '2025-12-22 20:00:00', 1),
(265, 2, '2025-12-22 20:00:00', '2025-12-22 21:00:00', 1),
(266, 2, '2025-12-22 21:00:00', '2025-12-22 22:00:00', 1),
(267, 2, '2025-12-23 08:00:00', '2025-12-23 09:00:00', 1),
(268, 2, '2025-12-23 09:00:00', '2025-12-23 10:00:00', 1),
(269, 2, '2025-12-23 10:00:00', '2025-12-23 11:00:00', 1),
(270, 2, '2025-12-23 11:00:00', '2025-12-23 12:00:00', 1),
(271, 2, '2025-12-23 12:00:00', '2025-12-23 13:00:00', 1),
(272, 2, '2025-12-23 13:00:00', '2025-12-23 14:00:00', 1),
(273, 2, '2025-12-23 14:00:00', '2025-12-23 15:00:00', 1),
(274, 2, '2025-12-23 15:00:00', '2025-12-23 16:00:00', 1),
(275, 2, '2025-12-23 16:00:00', '2025-12-23 17:00:00', 1),
(276, 2, '2025-12-23 17:00:00', '2025-12-23 18:00:00', 1),
(277, 2, '2025-12-23 18:00:00', '2025-12-23 19:00:00', 1),
(278, 2, '2025-12-23 19:00:00', '2025-12-23 20:00:00', 1),
(279, 2, '2025-12-23 20:00:00', '2025-12-23 21:00:00', 1),
(280, 2, '2025-12-23 21:00:00', '2025-12-23 22:00:00', 1),
(281, 1, '2025-12-08 08:00:00', '2025-12-08 09:00:00', 1),
(282, 1, '2025-12-08 09:00:00', '2025-12-08 10:00:00', 1),
(283, 1, '2025-12-08 10:00:00', '2025-12-08 11:00:00', 1),
(284, 1, '2025-12-08 11:00:00', '2025-12-08 12:00:00', 1),
(285, 1, '2025-12-08 12:00:00', '2025-12-08 13:00:00', 1),
(286, 1, '2025-12-08 13:00:00', '2025-12-08 14:00:00', 1),
(287, 1, '2025-12-08 14:00:00', '2025-12-08 15:00:00', 1),
(288, 1, '2025-12-08 15:00:00', '2025-12-08 16:00:00', 1),
(289, 1, '2025-12-08 16:00:00', '2025-12-08 17:00:00', 1),
(290, 1, '2025-12-08 17:00:00', '2025-12-08 18:00:00', 1),
(291, 1, '2025-12-08 18:00:00', '2025-12-08 19:00:00', 1),
(292, 1, '2025-12-08 19:00:00', '2025-12-08 20:00:00', 1),
(293, 1, '2025-12-08 20:00:00', '2025-12-08 21:00:00', 1),
(294, 1, '2025-12-08 21:00:00', '2025-12-08 22:00:00', 1),
(295, 1, '2025-12-09 08:00:00', '2025-12-09 09:00:00', 1),
(296, 1, '2025-12-09 09:00:00', '2025-12-09 10:00:00', 1),
(297, 1, '2025-12-09 10:00:00', '2025-12-09 11:00:00', 1),
(298, 1, '2025-12-09 11:00:00', '2025-12-09 12:00:00', 1),
(299, 1, '2025-12-09 12:00:00', '2025-12-09 13:00:00', 1),
(300, 1, '2025-12-09 13:00:00', '2025-12-09 14:00:00', 1),
(301, 1, '2025-12-09 14:00:00', '2025-12-09 15:00:00', 1),
(302, 1, '2025-12-09 15:00:00', '2025-12-09 16:00:00', 1),
(303, 1, '2025-12-09 16:00:00', '2025-12-09 17:00:00', 1),
(304, 1, '2025-12-09 17:00:00', '2025-12-09 18:00:00', 1),
(305, 1, '2025-12-09 18:00:00', '2025-12-09 19:00:00', 1),
(306, 1, '2025-12-09 19:00:00', '2025-12-09 20:00:00', 1),
(307, 1, '2025-12-09 20:00:00', '2025-12-09 21:00:00', 1),
(308, 1, '2025-12-09 21:00:00', '2025-12-09 22:00:00', 1),
(309, 1, '2025-12-10 08:00:00', '2025-12-10 09:00:00', 1),
(310, 1, '2025-12-10 09:00:00', '2025-12-10 10:00:00', 1),
(311, 1, '2025-12-10 10:00:00', '2025-12-10 11:00:00', 1),
(312, 1, '2025-12-10 11:00:00', '2025-12-10 12:00:00', 1),
(313, 1, '2025-12-10 12:00:00', '2025-12-10 13:00:00', 1),
(314, 1, '2025-12-10 13:00:00', '2025-12-10 14:00:00', 1),
(315, 1, '2025-12-10 14:00:00', '2025-12-10 15:00:00', 1),
(316, 1, '2025-12-10 15:00:00', '2025-12-10 16:00:00', 1),
(317, 1, '2025-12-10 16:00:00', '2025-12-10 17:00:00', 1),
(318, 1, '2025-12-10 17:00:00', '2025-12-10 18:00:00', 1),
(319, 1, '2025-12-10 18:00:00', '2025-12-10 19:00:00', 1),
(320, 1, '2025-12-10 19:00:00', '2025-12-10 20:00:00', 1),
(321, 1, '2025-12-10 20:00:00', '2025-12-10 21:00:00', 1),
(322, 1, '2025-12-10 21:00:00', '2025-12-10 22:00:00', 1),
(323, 1, '2025-12-11 08:00:00', '2025-12-11 09:00:00', 1),
(324, 1, '2025-12-11 09:00:00', '2025-12-11 10:00:00', 1),
(325, 1, '2025-12-11 10:00:00', '2025-12-11 11:00:00', 1),
(326, 1, '2025-12-11 11:00:00', '2025-12-11 12:00:00', 1),
(327, 1, '2025-12-11 12:00:00', '2025-12-11 13:00:00', 1),
(328, 1, '2025-12-11 13:00:00', '2025-12-11 14:00:00', 1),
(329, 1, '2025-12-11 14:00:00', '2025-12-11 15:00:00', 1),
(330, 1, '2025-12-11 15:00:00', '2025-12-11 16:00:00', 1),
(331, 1, '2025-12-11 16:00:00', '2025-12-11 17:00:00', 1),
(332, 1, '2025-12-11 17:00:00', '2025-12-11 18:00:00', 1),
(333, 1, '2025-12-11 18:00:00', '2025-12-11 19:00:00', 1),
(334, 1, '2025-12-11 19:00:00', '2025-12-11 20:00:00', 1),
(335, 1, '2025-12-11 20:00:00', '2025-12-11 21:00:00', 1),
(336, 1, '2025-12-11 21:00:00', '2025-12-11 22:00:00', 1),
(337, 1, '2025-12-12 08:00:00', '2025-12-12 09:00:00', 1),
(338, 1, '2025-12-12 09:00:00', '2025-12-12 10:00:00', 1),
(339, 1, '2025-12-12 10:00:00', '2025-12-12 11:00:00', 1),
(340, 1, '2025-12-12 11:00:00', '2025-12-12 12:00:00', 1),
(341, 1, '2025-12-12 12:00:00', '2025-12-12 13:00:00', 1),
(342, 1, '2025-12-12 13:00:00', '2025-12-12 14:00:00', 1),
(343, 1, '2025-12-12 14:00:00', '2025-12-12 15:00:00', 1),
(344, 1, '2025-12-12 15:00:00', '2025-12-12 16:00:00', 1),
(345, 1, '2025-12-12 16:00:00', '2025-12-12 17:00:00', 1),
(346, 1, '2025-12-12 17:00:00', '2025-12-12 18:00:00', 1),
(347, 1, '2025-12-12 18:00:00', '2025-12-12 19:00:00', 1),
(348, 1, '2025-12-12 19:00:00', '2025-12-12 20:00:00', 1),
(349, 1, '2025-12-12 20:00:00', '2025-12-12 21:00:00', 1),
(350, 1, '2025-12-12 21:00:00', '2025-12-12 22:00:00', 1),
(351, 5, '2025-12-16 08:00:00', '2025-12-16 09:00:00', 1),
(352, 5, '2025-12-16 09:00:00', '2025-12-16 10:00:00', 1),
(353, 5, '2025-12-16 10:00:00', '2025-12-16 11:00:00', 1),
(354, 5, '2025-12-16 11:00:00', '2025-12-16 12:00:00', 1),
(355, 5, '2025-12-16 12:00:00', '2025-12-16 13:00:00', 1),
(356, 5, '2025-12-16 13:00:00', '2025-12-16 14:00:00', 1),
(357, 5, '2025-12-16 14:00:00', '2025-12-16 15:00:00', 1),
(358, 5, '2025-12-16 15:00:00', '2025-12-16 16:00:00', 1),
(359, 5, '2025-12-16 16:00:00', '2025-12-16 17:00:00', 1),
(360, 5, '2025-12-16 17:00:00', '2025-12-16 18:00:00', 1),
(361, 5, '2025-12-16 18:00:00', '2025-12-16 19:00:00', 1),
(362, 5, '2025-12-16 19:00:00', '2025-12-16 20:00:00', 1),
(363, 5, '2025-12-16 20:00:00', '2025-12-16 21:00:00', 1),
(364, 5, '2025-12-16 21:00:00', '2025-12-16 22:00:00', 1),
(365, 5, '2025-12-17 08:00:00', '2025-12-17 09:00:00', 1),
(366, 5, '2025-12-17 09:00:00', '2025-12-17 10:00:00', 1),
(367, 5, '2025-12-17 10:00:00', '2025-12-17 11:00:00', 1),
(368, 5, '2025-12-17 11:00:00', '2025-12-17 12:00:00', 1),
(369, 5, '2025-12-17 12:00:00', '2025-12-17 13:00:00', 1),
(370, 5, '2025-12-17 13:00:00', '2025-12-17 14:00:00', 1),
(371, 5, '2025-12-17 14:00:00', '2025-12-17 15:00:00', 1),
(372, 5, '2025-12-17 15:00:00', '2025-12-17 16:00:00', 1),
(373, 5, '2025-12-17 16:00:00', '2025-12-17 17:00:00', 1),
(374, 5, '2025-12-17 17:00:00', '2025-12-17 18:00:00', 1),
(375, 5, '2025-12-17 18:00:00', '2025-12-17 19:00:00', 1),
(376, 5, '2025-12-17 19:00:00', '2025-12-17 20:00:00', 1),
(377, 5, '2025-12-17 20:00:00', '2025-12-17 21:00:00', 1),
(378, 5, '2025-12-17 21:00:00', '2025-12-17 22:00:00', 1),
(379, 5, '2025-12-18 08:00:00', '2025-12-18 09:00:00', 1),
(380, 5, '2025-12-18 09:00:00', '2025-12-18 10:00:00', 1),
(381, 5, '2025-12-18 10:00:00', '2025-12-18 11:00:00', 1),
(382, 5, '2025-12-18 11:00:00', '2025-12-18 12:00:00', 1),
(383, 5, '2025-12-18 12:00:00', '2025-12-18 13:00:00', 1),
(384, 5, '2025-12-18 13:00:00', '2025-12-18 14:00:00', 1),
(385, 5, '2025-12-18 14:00:00', '2025-12-18 15:00:00', 1),
(386, 5, '2025-12-18 15:00:00', '2025-12-18 16:00:00', 1),
(387, 5, '2025-12-18 16:00:00', '2025-12-18 17:00:00', 1),
(388, 5, '2025-12-18 17:00:00', '2025-12-18 18:00:00', 1),
(389, 5, '2025-12-18 18:00:00', '2025-12-18 19:00:00', 1),
(390, 5, '2025-12-18 19:00:00', '2025-12-18 20:00:00', 1),
(391, 5, '2025-12-18 20:00:00', '2025-12-18 21:00:00', 1),
(392, 5, '2025-12-18 21:00:00', '2025-12-18 22:00:00', 1),
(393, 5, '2025-12-19 08:00:00', '2025-12-19 09:00:00', 1),
(394, 5, '2025-12-19 09:00:00', '2025-12-19 10:00:00', 1),
(395, 5, '2025-12-19 10:00:00', '2025-12-19 11:00:00', 1),
(396, 5, '2025-12-19 11:00:00', '2025-12-19 12:00:00', 1),
(397, 5, '2025-12-19 12:00:00', '2025-12-19 13:00:00', 1),
(398, 5, '2025-12-19 13:00:00', '2025-12-19 14:00:00', 1),
(399, 5, '2025-12-19 14:00:00', '2025-12-19 15:00:00', 1),
(400, 5, '2025-12-19 15:00:00', '2025-12-19 16:00:00', 1),
(401, 5, '2025-12-19 16:00:00', '2025-12-19 17:00:00', 1),
(402, 5, '2025-12-19 17:00:00', '2025-12-19 18:00:00', 1),
(403, 5, '2025-12-19 18:00:00', '2025-12-19 19:00:00', 1),
(404, 5, '2025-12-19 19:00:00', '2025-12-19 20:00:00', 1),
(405, 5, '2025-12-19 20:00:00', '2025-12-19 21:00:00', 1),
(406, 5, '2025-12-19 21:00:00', '2025-12-19 22:00:00', 1),
(407, 5, '2025-12-20 08:00:00', '2025-12-20 09:00:00', 1),
(408, 5, '2025-12-20 09:00:00', '2025-12-20 10:00:00', 1),
(409, 5, '2025-12-20 10:00:00', '2025-12-20 11:00:00', 1),
(410, 5, '2025-12-20 11:00:00', '2025-12-20 12:00:00', 1),
(411, 5, '2025-12-20 12:00:00', '2025-12-20 13:00:00', 1),
(412, 5, '2025-12-20 13:00:00', '2025-12-20 14:00:00', 1),
(413, 5, '2025-12-20 14:00:00', '2025-12-20 15:00:00', 1),
(414, 5, '2025-12-20 15:00:00', '2025-12-20 16:00:00', 1),
(415, 5, '2025-12-20 16:00:00', '2025-12-20 17:00:00', 1),
(416, 5, '2025-12-20 17:00:00', '2025-12-20 18:00:00', 1),
(417, 5, '2025-12-20 18:00:00', '2025-12-20 19:00:00', 1),
(418, 5, '2025-12-20 19:00:00', '2025-12-20 20:00:00', 1),
(419, 5, '2025-12-20 20:00:00', '2025-12-20 21:00:00', 1),
(420, 5, '2025-12-20 21:00:00', '2025-12-20 22:00:00', 1),
(505, 1, '2025-12-20 08:00:00', '2025-12-20 09:00:00', 1),
(506, 1, '2025-12-20 09:00:00', '2025-12-20 10:00:00', 1),
(507, 1, '2025-12-20 10:00:00', '2025-12-20 11:00:00', 1),
(508, 1, '2025-12-20 11:00:00', '2025-12-20 12:00:00', 1),
(509, 1, '2025-12-20 12:00:00', '2025-12-20 13:00:00', 1),
(510, 1, '2025-12-20 13:00:00', '2025-12-20 14:00:00', 1),
(511, 1, '2025-12-20 14:00:00', '2025-12-20 15:00:00', 1),
(512, 1, '2025-12-20 15:00:00', '2025-12-20 16:00:00', 1),
(513, 1, '2025-12-20 16:00:00', '2025-12-20 17:00:00', 1),
(514, 1, '2025-12-20 17:00:00', '2025-12-20 18:00:00', 1),
(515, 1, '2025-12-20 18:00:00', '2025-12-20 19:00:00', 1),
(516, 1, '2025-12-20 19:00:00', '2025-12-20 20:00:00', 1),
(517, 1, '2025-12-20 20:00:00', '2025-12-20 21:00:00', 1),
(518, 1, '2025-12-20 21:00:00', '2025-12-20 22:00:00', 1),
(519, 1, '2025-12-21 08:00:00', '2025-12-21 09:00:00', 1),
(520, 1, '2025-12-21 09:00:00', '2025-12-21 10:00:00', 1),
(521, 1, '2025-12-21 10:00:00', '2025-12-21 11:00:00', 1),
(522, 1, '2025-12-21 11:00:00', '2025-12-21 12:00:00', 1),
(523, 1, '2025-12-21 12:00:00', '2025-12-21 13:00:00', 1),
(524, 1, '2025-12-21 13:00:00', '2025-12-21 14:00:00', 1),
(525, 1, '2025-12-21 14:00:00', '2025-12-21 15:00:00', 1),
(526, 1, '2025-12-21 15:00:00', '2025-12-21 16:00:00', 1),
(527, 1, '2025-12-21 16:00:00', '2025-12-21 17:00:00', 1),
(528, 1, '2025-12-21 17:00:00', '2025-12-21 18:00:00', 1),
(529, 1, '2025-12-21 18:00:00', '2025-12-21 19:00:00', 1),
(530, 1, '2025-12-21 19:00:00', '2025-12-21 20:00:00', 1),
(531, 1, '2025-12-21 20:00:00', '2025-12-21 21:00:00', 1),
(532, 1, '2025-12-21 21:00:00', '2025-12-21 22:00:00', 1),
(533, 1, '2025-12-22 08:00:00', '2025-12-22 09:00:00', 1),
(534, 1, '2025-12-22 09:00:00', '2025-12-22 10:00:00', 1),
(535, 1, '2025-12-22 10:00:00', '2025-12-22 11:00:00', 1),
(536, 1, '2025-12-22 11:00:00', '2025-12-22 12:00:00', 1),
(537, 1, '2025-12-22 12:00:00', '2025-12-22 13:00:00', 1),
(538, 1, '2025-12-22 13:00:00', '2025-12-22 14:00:00', 1),
(539, 1, '2025-12-22 14:00:00', '2025-12-22 15:00:00', 1),
(540, 1, '2025-12-22 15:00:00', '2025-12-22 16:00:00', 1),
(541, 1, '2025-12-22 16:00:00', '2025-12-22 17:00:00', 1),
(542, 1, '2025-12-22 17:00:00', '2025-12-22 18:00:00', 1),
(543, 1, '2025-12-22 18:00:00', '2025-12-22 19:00:00', 1),
(544, 1, '2025-12-22 19:00:00', '2025-12-22 20:00:00', 1),
(545, 1, '2025-12-22 20:00:00', '2025-12-22 21:00:00', 1),
(546, 1, '2025-12-22 21:00:00', '2025-12-22 22:00:00', 1),
(547, 1, '2025-12-23 08:00:00', '2025-12-23 09:00:00', 1),
(548, 1, '2025-12-23 09:00:00', '2025-12-23 10:00:00', 1),
(549, 1, '2025-12-23 10:00:00', '2025-12-23 11:00:00', 1),
(550, 1, '2025-12-23 11:00:00', '2025-12-23 12:00:00', 1),
(551, 1, '2025-12-23 12:00:00', '2025-12-23 13:00:00', 1),
(552, 1, '2025-12-23 13:00:00', '2025-12-23 14:00:00', 1),
(553, 1, '2025-12-23 14:00:00', '2025-12-23 15:00:00', 1),
(554, 1, '2025-12-23 15:00:00', '2025-12-23 16:00:00', 1),
(555, 1, '2025-12-23 16:00:00', '2025-12-23 17:00:00', 1),
(556, 1, '2025-12-23 17:00:00', '2025-12-23 18:00:00', 1),
(557, 1, '2025-12-23 18:00:00', '2025-12-23 19:00:00', 1),
(558, 1, '2025-12-23 19:00:00', '2025-12-23 20:00:00', 1),
(559, 1, '2025-12-23 20:00:00', '2025-12-23 21:00:00', 1),
(560, 1, '2025-12-23 21:00:00', '2025-12-23 22:00:00', 1),
(561, 1, '2025-12-24 08:00:00', '2025-12-24 09:00:00', 1),
(562, 1, '2025-12-24 09:00:00', '2025-12-24 10:00:00', 1),
(563, 1, '2025-12-24 10:00:00', '2025-12-24 11:00:00', 1),
(564, 1, '2025-12-24 11:00:00', '2025-12-24 12:00:00', 1),
(565, 1, '2025-12-24 12:00:00', '2025-12-24 13:00:00', 1),
(566, 1, '2025-12-24 13:00:00', '2025-12-24 14:00:00', 1),
(567, 1, '2025-12-24 14:00:00', '2025-12-24 15:00:00', 1),
(568, 1, '2025-12-24 15:00:00', '2025-12-24 16:00:00', 1),
(569, 1, '2025-12-24 16:00:00', '2025-12-24 17:00:00', 1),
(570, 1, '2025-12-24 17:00:00', '2025-12-24 18:00:00', 1),
(571, 1, '2025-12-24 18:00:00', '2025-12-24 19:00:00', 1),
(572, 1, '2025-12-24 19:00:00', '2025-12-24 20:00:00', 1),
(573, 1, '2025-12-24 20:00:00', '2025-12-24 21:00:00', 1),
(574, 1, '2025-12-24 21:00:00', '2025-12-24 22:00:00', 1),
(575, 1, '2025-12-25 08:00:00', '2025-12-25 09:00:00', 1),
(576, 1, '2025-12-25 09:00:00', '2025-12-25 10:00:00', 1),
(577, 1, '2025-12-25 10:00:00', '2025-12-25 11:00:00', 1),
(578, 1, '2025-12-25 11:00:00', '2025-12-25 12:00:00', 1),
(579, 1, '2025-12-25 12:00:00', '2025-12-25 13:00:00', 1),
(580, 1, '2025-12-25 13:00:00', '2025-12-25 14:00:00', 1),
(581, 1, '2025-12-25 14:00:00', '2025-12-25 15:00:00', 1),
(582, 1, '2025-12-25 15:00:00', '2025-12-25 16:00:00', 1),
(583, 1, '2025-12-25 16:00:00', '2025-12-25 17:00:00', 1),
(584, 1, '2025-12-25 17:00:00', '2025-12-25 18:00:00', 1),
(585, 1, '2025-12-25 18:00:00', '2025-12-25 19:00:00', 1),
(586, 1, '2025-12-25 19:00:00', '2025-12-25 20:00:00', 1),
(587, 1, '2025-12-25 20:00:00', '2025-12-25 21:00:00', 1),
(588, 1, '2025-12-25 21:00:00', '2025-12-25 22:00:00', 1),
(589, 1, '2025-12-17 08:00:00', '2025-12-17 09:00:00', 1),
(590, 1, '2025-12-17 09:00:00', '2025-12-17 10:00:00', 1),
(591, 1, '2025-12-17 10:00:00', '2025-12-17 11:00:00', 1),
(592, 1, '2025-12-17 11:00:00', '2025-12-17 12:00:00', 1),
(593, 1, '2025-12-17 12:00:00', '2025-12-17 13:00:00', 1),
(594, 1, '2025-12-17 13:00:00', '2025-12-17 14:00:00', 1),
(595, 1, '2025-12-17 14:00:00', '2025-12-17 15:00:00', 1),
(596, 1, '2025-12-17 15:00:00', '2025-12-17 16:00:00', 1),
(597, 1, '2025-12-17 16:00:00', '2025-12-17 17:00:00', 1),
(598, 1, '2025-12-17 17:00:00', '2025-12-17 18:00:00', 1),
(599, 1, '2025-12-17 18:00:00', '2025-12-17 19:00:00', 1),
(600, 1, '2025-12-17 19:00:00', '2025-12-17 20:00:00', 1),
(601, 1, '2025-12-17 20:00:00', '2025-12-17 21:00:00', 1),
(602, 1, '2025-12-17 21:00:00', '2025-12-17 22:00:00', 1);

-- --------------------------------------------------------

--
-- Table structure for table `users`
--

CREATE TABLE `users` (
  `user_id` int(11) NOT NULL,
  `name` varchar(100) DEFAULT NULL,
  `email` varchar(100) DEFAULT NULL,
  `password` varchar(255) DEFAULT NULL,
  `role` enum('admin','user') DEFAULT 'user',
  `created_at` timestamp NOT NULL DEFAULT current_timestamp()
) ENGINE=InnoDB DEFAULT CHARSET=utf8mb4 COLLATE=utf8mb4_general_ci;

--
-- Dumping data for table `users`
--

INSERT INTO `users` (`user_id`, `name`, `email`, `password`, `role`, `created_at`) VALUES
(29, 'Admin Utama', 'admin@mail.com', 'admin123', 'admin', '2025-12-04 05:39:00'),
(30, 'Hauw', 'hauw@gmail.com', '$2y$10$ePPAA.P74DRgIeqCgNdf0enj0hvcDDX.nAw.sPzpYvyuJpM5jn8Om', 'user', '2025-12-04 05:45:51'),
(31, 'JULIAAN MATTHEW', 'c14240017@john.petra.ac.id', '69314e3f6ce2f', 'user', '2025-12-04 09:02:55'),
(33, 'haoww', 'iki@gmail.com', '$2y$10$Mz0UrMt/nhc83Gfzs56jcejLRyltiRjZ/KDyq2lK3qyj27cQ2L1jO', 'user', '2025-12-16 14:14:47'),
(34, 'vinsen', 'vinsen@gmail.com', '$2y$10$fBrDgUjj.i8BU6hHiMKdVOg.x9c2bDSMXnBFL2k7eTIMcszPADX6G', 'user', '2025-12-16 14:16:47');

--
-- Indexes for dumped tables
--

--
-- Indexes for table `bookings`
--
ALTER TABLE `bookings`
  ADD PRIMARY KEY (`booking_id`),
  ADD KEY `user_id` (`user_id`),
  ADD KEY `facility_id` (`facility_id`);

--
-- Indexes for table `booking_details`
--
ALTER TABLE `booking_details`
  ADD PRIMARY KEY (`detail_id`),
  ADD KEY `booking_id` (`booking_id`),
  ADD KEY `slot_id` (`slot_id`);

--
-- Indexes for table `facilities`
--
ALTER TABLE `facilities`
  ADD PRIMARY KEY (`facility_id`);

--
-- Indexes for table `slots`
--
ALTER TABLE `slots`
  ADD PRIMARY KEY (`slot_id`),
  ADD KEY `facility_id` (`facility_id`);

--
-- Indexes for table `users`
--
ALTER TABLE `users`
  ADD PRIMARY KEY (`user_id`),
  ADD UNIQUE KEY `email` (`email`);

--
-- AUTO_INCREMENT for dumped tables
--

--
-- AUTO_INCREMENT for table `bookings`
--
ALTER TABLE `bookings`
  MODIFY `booking_id` int(11) NOT NULL AUTO_INCREMENT, AUTO_INCREMENT=22;

--
-- AUTO_INCREMENT for table `booking_details`
--
ALTER TABLE `booking_details`
  MODIFY `detail_id` int(11) NOT NULL AUTO_INCREMENT, AUTO_INCREMENT=43;

--
-- AUTO_INCREMENT for table `facilities`
--
ALTER TABLE `facilities`
  MODIFY `facility_id` int(11) NOT NULL AUTO_INCREMENT, AUTO_INCREMENT=9;

--
-- AUTO_INCREMENT for table `slots`
--
ALTER TABLE `slots`
  MODIFY `slot_id` int(11) NOT NULL AUTO_INCREMENT, AUTO_INCREMENT=603;

--
-- AUTO_INCREMENT for table `users`
--
ALTER TABLE `users`
  MODIFY `user_id` int(11) NOT NULL AUTO_INCREMENT, AUTO_INCREMENT=35;

--
-- Constraints for dumped tables
--

--
-- Constraints for table `bookings`
--
ALTER TABLE `bookings`
  ADD CONSTRAINT `bookings_ibfk_1` FOREIGN KEY (`user_id`) REFERENCES `users` (`user_id`),
  ADD CONSTRAINT `bookings_ibfk_2` FOREIGN KEY (`facility_id`) REFERENCES `facilities` (`facility_id`);

--
-- Constraints for table `booking_details`
--
ALTER TABLE `booking_details`
  ADD CONSTRAINT `booking_details_ibfk_1` FOREIGN KEY (`booking_id`) REFERENCES `bookings` (`booking_id`) ON DELETE CASCADE,
  ADD CONSTRAINT `booking_details_ibfk_2` FOREIGN KEY (`slot_id`) REFERENCES `slots` (`slot_id`);

--
-- Constraints for table `slots`
--
ALTER TABLE `slots`
  ADD CONSTRAINT `slots_ibfk_1` FOREIGN KEY (`facility_id`) REFERENCES `facilities` (`facility_id`) ON DELETE CASCADE;
COMMIT;

/*!40101 SET CHARACTER_SET_CLIENT=@OLD_CHARACTER_SET_CLIENT */;
/*!40101 SET CHARACTER_SET_RESULTS=@OLD_CHARACTER_SET_RESULTS */;
/*!40101 SET COLLATION_CONNECTION=@OLD_COLLATION_CONNECTION */;
